index,filename,label
0,images/0/0000.png,0
1,images/1/0001.png,1
2,images/2/0002.png,2
3,images/3/0003.png,3
4,images/4/0004.png,4
5,images/5/0005.png,5
6,images/6/0006.png,6
7,images/7/0007.png,7
8,images/8/0008.png,8
9,images/9/0009.png,9
10,images/0/0010.png,0
11,images/1/0011.png,1
12,images/2/0012.png,2
13,images/3/0013.png,3
14,images/4/0014.png,4
15,images/5/0015.png,5
16,images/6/0016.png,6
17,images/7/0017.png,7
18,images/8/0018.png,8
19,images/9/0019.png,9
20,images/0/0020.png,0
21,images/1/0021.png,1
22,images/2/0022.png,2
23,images/3/0023.png,3
24,images/4/0024.png,4
25,images/5/0025.png,5
26,images/6/0026.png,6
27,images/7/0027.png,7
28,images/8/0028.png,8
29,images/9/0029.png,9
30,images/0/0030.png,0
31,images/9/0031.png,9
32,images/5/0032.png,5
33,images/5/0033.png,5
34,images/6/0034.png,6
35,images/5/0035.png,5
36,images/0/0036.png,0
37,images/9/0037.png,9
38,images/8/0038.png,8
39,images/9/0039.png,9
40,images/8/0040.png,8
41,images/4/0041.png,4
42,images/1/0042.png,1
43,images/7/0043.png,7
44,images/7/0044.png,7
45,images/3/0045.png,3
46,images/5/0046.png,5
47,images/1/0047.png,1
48,images/0/0048.png,0
49,images/0/0049.png,0
50,images/2/0050.png,2
51,images/2/0051.png,2
52,images/7/0052.png,7
53,images/8/0053.png,8
54,images/2/0054.png,2
55,images/0/0055.png,0
56,images/1/0056.png,1
57,images/2/0057.png,2
58,images/6/0058.png,6
59,images/3/0059.png,3
60,images/3/0060.png,3
61,images/7/0061.png,7
62,images/3/0062.png,3
63,images/3/0063.png,3
64,images/4/0064.png,4
65,images/6/0065.png,6
66,images/6/0066.png,6
67,images/6/0067.png,6
68,images/4/0068.png,4
69,images/9/0069.png,9
70,images/1/0070.png,1
71,images/5/0071.png,5
72,images/0/0072.png,0
73,images/9/0073.png,9
74,images/5/0074.png,5
75,images/2/0075.png,2
76,images/8/0076.png,8
77,images/2/0077.png,2
78,images/0/0078.png,0
79,images/0/0079.png,0
80,images/1/0080.png,1
81,images/7/0081.png,7
82,images/6/0082.png,6
83,images/3/0083.png,3
84,images/2/0084.png,2
85,images/1/0085.png,1
86,images/7/0086.png,7
87,images/4/0087.png,4
88,images/6/0088.png,6
89,images/3/0089.png,3
90,images/1/0090.png,1
91,images/3/0091.png,3
92,images/9/0092.png,9
93,images/1/0093.png,1
94,images/7/0094.png,7
95,images/6/0095.png,6
96,images/8/0096.png,8
97,images/4/0097.png,4
98,images/3/0098.png,3
99,images/1/0099.png,1
100,images/4/0100.png,4
101,images/0/0101.png,0
102,images/5/0102.png,5
103,images/3/0103.png,3
104,images/6/0104.png,6
105,images/9/0105.png,9
106,images/6/0106.png,6
107,images/1/0107.png,1
108,images/7/0108.png,7
109,images/5/0109.png,5
110,images/4/0110.png,4
111,images/4/0111.png,4
112,images/7/0112.png,7
113,images/2/0113.png,2
114,images/8/0114.png,8
115,images/2/0115.png,2
116,images/2/0116.png,2
117,images/5/0117.png,5
118,images/7/0118.png,7
119,images/9/0119.png,9
120,images/5/0120.png,5
121,images/4/0121.png,4
122,images/8/0122.png,8
123,images/8/0123.png,8
124,images/4/0124.png,4
125,images/9/0125.png,9
126,images/0/0126.png,0
127,images/8/0127.png,8
128,images/9/0128.png,9
129,images/8/0129.png,8
130,images/0/0130.png,0
131,images/1/0131.png,1
132,images/2/0132.png,2
133,images/3/0133.png,3
134,images/4/0134.png,4
135,images/5/0135.png,5
136,images/6/0136.png,6
137,images/7/0137.png,7
138,images/8/0138.png,8
139,images/9/0139.png,9
140,images/0/0140.png,0
141,images/1/0141.png,1
142,images/2/0142.png,2
143,images/3/0143.png,3
144,images/4/0144.png,4
145,images/5/0145.png,5
146,images/6/0146.png,6
147,images/7/0147.png,7
148,images/8/0148.png,8
149,images/9/0149.png,9
150,images/0/0150.png,0
151,images/1/0151.png,1
152,images/2/0152.png,2
153,images/3/0153.png,3
154,images/4/0154.png,4
155,images/5/0155.png,5
156,images/6/0156.png,6
157,images/7/0157.png,7
158,images/8/0158.png,8
159,images/9/0159.png,9
160,images/0/0160.png,0
161,images/9/0161.png,9
162,images/5/0162.png,5
163,images/5/0163.png,5
164,images/6/0164.png,6
165,images/5/0165.png,5
166,images/0/0166.png,0
167,images/9/0167.png,9
168,images/8/0168.png,8
169,images/9/0169.png,9
170,images/8/0170.png,8
171,images/4/0171.png,4
172,images/1/0172.png,1
173,images/7/0173.png,7
174,images/7/0174.png,7
175,images/3/0175.png,3
176,images/5/0176.png,5
177,images/1/0177.png,1
178,images/0/0178.png,0
179,images/0/0179.png,0
180,images/2/0180.png,2
181,images/2/0181.png,2
182,images/7/0182.png,7
183,images/8/0183.png,8
184,images/2/0184.png,2
185,images/0/0185.png,0
186,images/1/0186.png,1
187,images/2/0187.png,2
188,images/6/0188.png,6
189,images/3/0189.png,3
190,images/3/0190.png,3
191,images/7/0191.png,7
192,images/3/0192.png,3
193,images/3/0193.png,3
194,images/4/0194.png,4
195,images/6/0195.png,6
196,images/6/0196.png,6
197,images/6/0197.png,6
198,images/4/0198.png,4
199,images/9/0199.png,9
200,images/1/0200.png,1
201,images/5/0201.png,5
202,images/0/0202.png,0
203,images/9/0203.png,9
204,images/5/0204.png,5
205,images/2/0205.png,2
206,images/8/0206.png,8
207,images/2/0207.png,2
208,images/0/0208.png,0
209,images/0/0209.png,0
210,images/1/0210.png,1
211,images/7/0211.png,7
212,images/6/0212.png,6
213,images/3/0213.png,3
214,images/2/0214.png,2
215,images/1/0215.png,1
216,images/7/0216.png,7
217,images/3/0217.png,3
218,images/1/0218.png,1
219,images/3/0219.png,3
220,images/9/0220.png,9
221,images/1/0221.png,1
222,images/7/0222.png,7
223,images/6/0223.png,6
224,images/8/0224.png,8
225,images/4/0225.png,4
226,images/3/0226.png,3
227,images/1/0227.png,1
228,images/4/0228.png,4
229,images/0/0229.png,0
230,images/5/0230.png,5
231,images/3/0231.png,3
232,images/6/0232.png,6
233,images/9/0233.png,9
234,images/6/0234.png,6
235,images/1/0235.png,1
236,images/7/0236.png,7
237,images/5/0237.png,5
238,images/4/0238.png,4
239,images/4/0239.png,4
240,images/7/0240.png,7
241,images/2/0241.png,2
242,images/8/0242.png,8
243,images/2/0243.png,2
244,images/2/0244.png,2
245,images/5/0245.png,5
246,images/5/0246.png,5
247,images/4/0247.png,4
248,images/8/0248.png,8
249,images/8/0249.png,8
250,images/4/0250.png,4
251,images/9/0251.png,9
252,images/0/0252.png,0
253,images/8/0253.png,8
254,images/9/0254.png,9
255,images/8/0255.png,8
256,images/0/0256.png,0
257,images/1/0257.png,1
258,images/2/0258.png,2
259,images/3/0259.png,3
260,images/4/0260.png,4
261,images/5/0261.png,5
262,images/6/0262.png,6
263,images/7/0263.png,7
264,images/8/0264.png,8
265,images/9/0265.png,9
266,images/0/0266.png,0
267,images/1/0267.png,1
268,images/2/0268.png,2
269,images/3/0269.png,3
270,images/4/0270.png,4
271,images/5/0271.png,5
272,images/6/0272.png,6
273,images/7/0273.png,7
274,images/8/0274.png,8
275,images/9/0275.png,9
276,images/0/0276.png,0
277,images/1/0277.png,1
278,images/2/0278.png,2
279,images/3/0279.png,3
280,images/4/0280.png,4
281,images/5/0281.png,5
282,images/6/0282.png,6
283,images/7/0283.png,7
284,images/8/0284.png,8
285,images/9/0285.png,9
286,images/0/0286.png,0
287,images/9/0287.png,9
288,images/5/0288.png,5
289,images/5/0289.png,5
290,images/6/0290.png,6
291,images/5/0291.png,5
292,images/0/0292.png,0
293,images/9/0293.png,9
294,images/8/0294.png,8
295,images/9/0295.png,9
296,images/8/0296.png,8
297,images/4/0297.png,4
298,images/1/0298.png,1
299,images/7/0299.png,7
300,images/7/0300.png,7
301,images/3/0301.png,3
302,images/5/0302.png,5
303,images/1/0303.png,1
304,images/0/0304.png,0
305,images/0/0305.png,0
306,images/2/0306.png,2
307,images/2/0307.png,2
308,images/7/0308.png,7
309,images/8/0309.png,8
310,images/2/0310.png,2
311,images/0/0311.png,0
312,images/1/0312.png,1
313,images/2/0313.png,2
314,images/6/0314.png,6
315,images/3/0315.png,3
316,images/3/0316.png,3
317,images/7/0317.png,7
318,images/3/0318.png,3
319,images/3/0319.png,3
320,images/4/0320.png,4
321,images/6/0321.png,6
322,images/6/0322.png,6
323,images/6/0323.png,6
324,images/4/0324.png,4
325,images/9/0325.png,9
326,images/1/0326.png,1
327,images/5/0327.png,5
328,images/0/0328.png,0
329,images/9/0329.png,9
330,images/5/0330.png,5
331,images/2/0331.png,2
332,images/8/0332.png,8
333,images/2/0333.png,2
334,images/0/0334.png,0
335,images/0/0335.png,0
336,images/1/0336.png,1
337,images/7/0337.png,7
338,images/6/0338.png,6
339,images/3/0339.png,3
340,images/2/0340.png,2
341,images/1/0341.png,1
342,images/7/0342.png,7
343,images/4/0343.png,4
344,images/6/0344.png,6
345,images/3/0345.png,3
346,images/1/0346.png,1
347,images/3/0347.png,3
348,images/9/0348.png,9
349,images/1/0349.png,1
350,images/7/0350.png,7
351,images/6/0351.png,6
352,images/8/0352.png,8
353,images/4/0353.png,4
354,images/3/0354.png,3
355,images/1/0355.png,1
356,images/4/0356.png,4
357,images/0/0357.png,0
358,images/5/0358.png,5
359,images/3/0359.png,3
360,images/6/0360.png,6
361,images/9/0361.png,9
362,images/6/0362.png,6
363,images/1/0363.png,1
364,images/7/0364.png,7
365,images/5/0365.png,5
366,images/4/0366.png,4
367,images/4/0367.png,4
368,images/7/0368.png,7
369,images/2/0369.png,2
370,images/8/0370.png,8
371,images/2/0371.png,2
372,images/2/0372.png,2
373,images/5/0373.png,5
374,images/7/0374.png,7
375,images/9/0375.png,9
376,images/5/0376.png,5
377,images/4/0377.png,4
378,images/8/0378.png,8
379,images/8/0379.png,8
380,images/4/0380.png,4
381,images/9/0381.png,9
382,images/0/0382.png,0
383,images/8/0383.png,8
384,images/9/0384.png,9
385,images/3/0385.png,3
386,images/0/0386.png,0
387,images/1/0387.png,1
388,images/2/0388.png,2
389,images/3/0389.png,3
390,images/4/0390.png,4
391,images/5/0391.png,5
392,images/6/0392.png,6
393,images/7/0393.png,7
394,images/8/0394.png,8
395,images/9/0395.png,9
396,images/0/0396.png,0
397,images/1/0397.png,1
398,images/2/0398.png,2
399,images/3/0399.png,3
400,images/4/0400.png,4
401,images/5/0401.png,5
402,images/6/0402.png,6
403,images/7/0403.png,7
404,images/8/0404.png,8
405,images/9/0405.png,9
406,images/0/0406.png,0
407,images/1/0407.png,1
408,images/2/0408.png,2
409,images/3/0409.png,3
410,images/4/0410.png,4
411,images/5/0411.png,5
412,images/6/0412.png,6
413,images/7/0413.png,7
414,images/8/0414.png,8
415,images/9/0415.png,9
416,images/0/0416.png,0
417,images/9/0417.png,9
418,images/5/0418.png,5
419,images/5/0419.png,5
420,images/6/0420.png,6
421,images/5/0421.png,5
422,images/0/0422.png,0
423,images/9/0423.png,9
424,images/8/0424.png,8
425,images/9/0425.png,9
426,images/8/0426.png,8
427,images/4/0427.png,4
428,images/1/0428.png,1
429,images/7/0429.png,7
430,images/7/0430.png,7
431,images/3/0431.png,3
432,images/5/0432.png,5
433,images/1/0433.png,1
434,images/0/0434.png,0
435,images/0/0435.png,0
436,images/2/0436.png,2
437,images/2/0437.png,2
438,images/7/0438.png,7
439,images/8/0439.png,8
440,images/2/0440.png,2
441,images/0/0441.png,0
442,images/1/0442.png,1
443,images/2/0443.png,2
444,images/6/0444.png,6
445,images/3/0445.png,3
446,images/3/0446.png,3
447,images/7/0447.png,7
448,images/3/0448.png,3
449,images/3/0449.png,3
450,images/4/0450.png,4
451,images/6/0451.png,6
452,images/6/0452.png,6
453,images/6/0453.png,6
454,images/4/0454.png,4
455,images/9/0455.png,9
456,images/1/0456.png,1
457,images/5/0457.png,5
458,images/0/0458.png,0
459,images/9/0459.png,9
460,images/5/0460.png,5
461,images/2/0461.png,2
462,images/8/0462.png,8
463,images/2/0463.png,2
464,images/0/0464.png,0
465,images/0/0465.png,0
466,images/1/0466.png,1
467,images/7/0467.png,7
468,images/6/0468.png,6
469,images/3/0469.png,3
470,images/2/0470.png,2
471,images/1/0471.png,1
472,images/7/0472.png,7
473,images/4/0473.png,4
474,images/6/0474.png,6
475,images/3/0475.png,3
476,images/1/0476.png,1
477,images/3/0477.png,3
478,images/9/0478.png,9
479,images/1/0479.png,1
480,images/7/0480.png,7
481,images/6/0481.png,6
482,images/8/0482.png,8
483,images/4/0483.png,4
484,images/3/0484.png,3
485,images/1/0485.png,1
486,images/4/0486.png,4
487,images/0/0487.png,0
488,images/5/0488.png,5
489,images/3/0489.png,3
490,images/6/0490.png,6
491,images/9/0491.png,9
492,images/6/0492.png,6
493,images/1/0493.png,1
494,images/7/0494.png,7
495,images/5/0495.png,5
496,images/4/0496.png,4
497,images/4/0497.png,4
498,images/7/0498.png,7
499,images/2/0499.png,2
500,images/8/0500.png,8
501,images/2/0501.png,2
502,images/2/0502.png,2
503,images/5/0503.png,5
504,images/7/0504.png,7
505,images/9/0505.png,9
506,images/5/0506.png,5
507,images/4/0507.png,4
508,images/8/0508.png,8
509,images/8/0509.png,8
510,images/4/0510.png,4
511,images/9/0511.png,9
512,images/0/0512.png,0
513,images/8/0513.png,8
514,images/9/0514.png,9
515,images/8/0515.png,8
516,images/0/0516.png,0
517,images/1/0517.png,1
518,images/2/0518.png,2
519,images/3/0519.png,3
520,images/4/0520.png,4
521,images/5/0521.png,5
522,images/6/0522.png,6
523,images/7/0523.png,7
524,images/8/0524.png,8
525,images/9/0525.png,9
526,images/0/0526.png,0
527,images/1/0527.png,1
528,images/2/0528.png,2
529,images/3/0529.png,3
530,images/4/0530.png,4
531,images/5/0531.png,5
532,images/6/0532.png,6
533,images/7/0533.png,7
534,images/8/0534.png,8
535,images/9/0535.png,9
536,images/0/0536.png,0
537,images/1/0537.png,1
538,images/2/0538.png,2
539,images/3/0539.png,3
540,images/4/0540.png,4
541,images/5/0541.png,5
542,images/6/0542.png,6
543,images/7/0543.png,7
544,images/8/0544.png,8
545,images/9/0545.png,9
546,images/0/0546.png,0
547,images/9/0547.png,9
548,images/5/0548.png,5
549,images/5/0549.png,5
550,images/6/0550.png,6
551,images/5/0551.png,5
552,images/0/0552.png,0
553,images/9/0553.png,9
554,images/8/0554.png,8
555,images/9/0555.png,9
556,images/8/0556.png,8
557,images/4/0557.png,4
558,images/1/0558.png,1
559,images/7/0559.png,7
560,images/7/0560.png,7
561,images/3/0561.png,3
562,images/5/0562.png,5
563,images/1/0563.png,1
564,images/0/0564.png,0
565,images/0/0565.png,0
566,images/2/0566.png,2
567,images/2/0567.png,2
568,images/7/0568.png,7
569,images/8/0569.png,8
570,images/2/0570.png,2
571,images/0/0571.png,0
572,images/1/0572.png,1
573,images/2/0573.png,2
574,images/6/0574.png,6
575,images/3/0575.png,3
576,images/3/0576.png,3
577,images/7/0577.png,7
578,images/3/0578.png,3
579,images/3/0579.png,3
580,images/4/0580.png,4
581,images/6/0581.png,6
582,images/6/0582.png,6
583,images/6/0583.png,6
584,images/4/0584.png,4
585,images/9/0585.png,9
586,images/1/0586.png,1
587,images/5/0587.png,5
588,images/0/0588.png,0
589,images/9/0589.png,9
590,images/5/0590.png,5
591,images/2/0591.png,2
592,images/8/0592.png,8
593,images/2/0593.png,2
594,images/0/0594.png,0
595,images/0/0595.png,0
596,images/1/0596.png,1
597,images/7/0597.png,7
598,images/6/0598.png,6
599,images/3/0599.png,3
600,images/2/0600.png,2
601,images/1/0601.png,1
602,images/7/0602.png,7
603,images/4/0603.png,4
604,images/6/0604.png,6
605,images/3/0605.png,3
606,images/1/0606.png,1
607,images/3/0607.png,3
608,images/9/0608.png,9
609,images/1/0609.png,1
610,images/7/0610.png,7
611,images/6/0611.png,6
612,images/8/0612.png,8
613,images/4/0613.png,4
614,images/3/0614.png,3
615,images/1/0615.png,1
616,images/4/0616.png,4
617,images/0/0617.png,0
618,images/5/0618.png,5
619,images/3/0619.png,3
620,images/6/0620.png,6
621,images/9/0621.png,9
622,images/6/0622.png,6
623,images/1/0623.png,1
624,images/7/0624.png,7
625,images/5/0625.png,5
626,images/4/0626.png,4
627,images/4/0627.png,4
628,images/7/0628.png,7
629,images/2/0629.png,2
630,images/8/0630.png,8
631,images/2/0631.png,2
632,images/2/0632.png,2
633,images/5/0633.png,5
634,images/7/0634.png,7
635,images/9/0635.png,9
636,images/5/0636.png,5
637,images/4/0637.png,4
638,images/8/0638.png,8
639,images/8/0639.png,8
640,images/4/0640.png,4
641,images/9/0641.png,9
642,images/0/0642.png,0
643,images/8/0643.png,8
644,images/9/0644.png,9
645,images/8/0645.png,8
646,images/0/0646.png,0
647,images/1/0647.png,1
648,images/2/0648.png,2
649,images/3/0649.png,3
650,images/4/0650.png,4
651,images/5/0651.png,5
652,images/6/0652.png,6
653,images/7/0653.png,7
654,images/8/0654.png,8
655,images/9/0655.png,9
656,images/0/0656.png,0
657,images/1/0657.png,1
658,images/2/0658.png,2
659,images/3/0659.png,3
660,images/4/0660.png,4
661,images/5/0661.png,5
662,images/6/0662.png,6
663,images/7/0663.png,7
664,images/8/0664.png,8
665,images/9/0665.png,9
666,images/0/0666.png,0
667,images/1/0667.png,1
668,images/2/0668.png,2
669,images/3/0669.png,3
670,images/4/0670.png,4
671,images/5/0671.png,5
672,images/6/0672.png,6
673,images/7/0673.png,7
674,images/8/0674.png,8
675,images/9/0675.png,9
676,images/0/0676.png,0
677,images/9/0677.png,9
678,images/5/0678.png,5
679,images/5/0679.png,5
680,images/6/0680.png,6
681,images/5/0681.png,5
682,images/0/0682.png,0
683,images/9/0683.png,9
684,images/8/0684.png,8
685,images/9/0685.png,9
686,images/8/0686.png,8
687,images/4/0687.png,4
688,images/1/0688.png,1
689,images/7/0689.png,7
690,images/7/0690.png,7
691,images/3/0691.png,3
692,images/5/0692.png,5
693,images/1/0693.png,1
694,images/0/0694.png,0
695,images/0/0695.png,0
696,images/2/0696.png,2
697,images/2/0697.png,2
698,images/7/0698.png,7
699,images/8/0699.png,8
700,images/2/0700.png,2
701,images/0/0701.png,0
702,images/1/0702.png,1
703,images/2/0703.png,2
704,images/6/0704.png,6
705,images/3/0705.png,3
706,images/3/0706.png,3
707,images/7/0707.png,7
708,images/3/0708.png,3
709,images/3/0709.png,3
710,images/4/0710.png,4
711,images/6/0711.png,6
712,images/6/0712.png,6
713,images/6/0713.png,6
714,images/4/0714.png,4
715,images/9/0715.png,9
716,images/1/0716.png,1
717,images/5/0717.png,5
718,images/0/0718.png,0
719,images/9/0719.png,9
720,images/5/0720.png,5
721,images/2/0721.png,2
722,images/8/0722.png,8
723,images/2/0723.png,2
724,images/0/0724.png,0
725,images/0/0725.png,0
726,images/1/0726.png,1
727,images/7/0727.png,7
728,images/6/0728.png,6
729,images/3/0729.png,3
730,images/2/0730.png,2
731,images/1/0731.png,1
732,images/7/0732.png,7
733,images/4/0733.png,4
734,images/6/0734.png,6
735,images/3/0735.png,3
736,images/1/0736.png,1
737,images/3/0737.png,3
738,images/9/0738.png,9
739,images/1/0739.png,1
740,images/7/0740.png,7
741,images/6/0741.png,6
742,images/8/0742.png,8
743,images/4/0743.png,4
744,images/3/0744.png,3
745,images/1/0745.png,1
746,images/4/0746.png,4
747,images/0/0747.png,0
748,images/5/0748.png,5
749,images/3/0749.png,3
750,images/6/0750.png,6
751,images/9/0751.png,9
752,images/6/0752.png,6
753,images/1/0753.png,1
754,images/7/0754.png,7
755,images/5/0755.png,5
756,images/4/0756.png,4
757,images/4/0757.png,4
758,images/7/0758.png,7
759,images/2/0759.png,2
760,images/8/0760.png,8
761,images/2/0761.png,2
762,images/2/0762.png,2
763,images/5/0763.png,5
764,images/7/0764.png,7
765,images/9/0765.png,9
766,images/5/0766.png,5
767,images/4/0767.png,4
768,images/8/0768.png,8
769,images/8/0769.png,8
770,images/4/0770.png,4
771,images/9/0771.png,9
772,images/0/0772.png,0
773,images/8/0773.png,8
774,images/9/0774.png,9
775,images/8/0775.png,8
776,images/0/0776.png,0
777,images/1/0777.png,1
778,images/2/0778.png,2
779,images/3/0779.png,3
780,images/4/0780.png,4
781,images/5/0781.png,5
782,images/6/0782.png,6
783,images/7/0783.png,7
784,images/8/0784.png,8
785,images/9/0785.png,9
786,images/0/0786.png,0
787,images/1/0787.png,1
788,images/2/0788.png,2
789,images/3/0789.png,3
790,images/4/0790.png,4
791,images/5/0791.png,5
792,images/6/0792.png,6
793,images/7/0793.png,7
794,images/8/0794.png,8
795,images/9/0795.png,9
796,images/0/0796.png,0
797,images/1/0797.png,1
798,images/2/0798.png,2
799,images/3/0799.png,3
800,images/4/0800.png,4
801,images/5/0801.png,5
802,images/6/0802.png,6
803,images/7/0803.png,7
804,images/8/0804.png,8
805,images/9/0805.png,9
806,images/0/0806.png,0
807,images/9/0807.png,9
808,images/5/0808.png,5
809,images/5/0809.png,5
810,images/6/0810.png,6
811,images/5/0811.png,5
812,images/0/0812.png,0
813,images/9/0813.png,9
814,images/8/0814.png,8
815,images/9/0815.png,9
816,images/8/0816.png,8
817,images/4/0817.png,4
818,images/1/0818.png,1
819,images/7/0819.png,7
820,images/7/0820.png,7
821,images/3/0821.png,3
822,images/5/0822.png,5
823,images/1/0823.png,1
824,images/0/0824.png,0
825,images/0/0825.png,0
826,images/2/0826.png,2
827,images/2/0827.png,2
828,images/7/0828.png,7
829,images/8/0829.png,8
830,images/2/0830.png,2
831,images/0/0831.png,0
832,images/1/0832.png,1
833,images/2/0833.png,2
834,images/6/0834.png,6
835,images/3/0835.png,3
836,images/3/0836.png,3
837,images/7/0837.png,7
838,images/3/0838.png,3
839,images/3/0839.png,3
840,images/4/0840.png,4
841,images/6/0841.png,6
842,images/6/0842.png,6
843,images/6/0843.png,6
844,images/4/0844.png,4
845,images/9/0845.png,9
846,images/1/0846.png,1
847,images/5/0847.png,5
848,images/0/0848.png,0
849,images/9/0849.png,9
850,images/5/0850.png,5
851,images/2/0851.png,2
852,images/8/0852.png,8
853,images/2/0853.png,2
854,images/0/0854.png,0
855,images/0/0855.png,0
856,images/1/0856.png,1
857,images/7/0857.png,7
858,images/6/0858.png,6
859,images/3/0859.png,3
860,images/2/0860.png,2
861,images/1/0861.png,1
862,images/7/0862.png,7
863,images/4/0863.png,4
864,images/6/0864.png,6
865,images/3/0865.png,3
866,images/1/0866.png,1
867,images/3/0867.png,3
868,images/9/0868.png,9
869,images/1/0869.png,1
870,images/7/0870.png,7
871,images/6/0871.png,6
872,images/8/0872.png,8
873,images/4/0873.png,4
874,images/3/0874.png,3
875,images/1/0875.png,1
876,images/4/0876.png,4
877,images/0/0877.png,0
878,images/5/0878.png,5
879,images/3/0879.png,3
880,images/6/0880.png,6
881,images/9/0881.png,9
882,images/6/0882.png,6
883,images/1/0883.png,1
884,images/7/0884.png,7
885,images/5/0885.png,5
886,images/4/0886.png,4
887,images/4/0887.png,4
888,images/7/0888.png,7
889,images/2/0889.png,2
890,images/8/0890.png,8
891,images/2/0891.png,2
892,images/2/0892.png,2
893,images/5/0893.png,5
894,images/7/0894.png,7
895,images/9/0895.png,9
896,images/5/0896.png,5
897,images/4/0897.png,4
898,images/8/0898.png,8
899,images/8/0899.png,8
900,images/4/0900.png,4
901,images/9/0901.png,9
902,images/0/0902.png,0
903,images/8/0903.png,8
904,images/9/0904.png,9
905,images/8/0905.png,8
906,images/1/0906.png,1
907,images/2/0907.png,2
908,images/3/0908.png,3
909,images/4/0909.png,4
910,images/5/0910.png,5
911,images/6/0911.png,6
912,images/7/0912.png,7
913,images/8/0913.png,8
914,images/9/0914.png,9
915,images/0/0915.png,0
916,images/1/0916.png,1
917,images/2/0917.png,2
918,images/3/0918.png,3
919,images/4/0919.png,4
920,images/5/0920.png,5
921,images/6/0921.png,6
922,images/7/0922.png,7
923,images/8/0923.png,8
924,images/9/0924.png,9
925,images/0/0925.png,0
926,images/1/0926.png,1
927,images/2/0927.png,2
928,images/3/0928.png,3
929,images/4/0929.png,4
930,images/5/0930.png,5
931,images/6/0931.png,6
932,images/7/0932.png,7
933,images/8/0933.png,8
934,images/9/0934.png,9
935,images/0/0935.png,0
936,images/9/0936.png,9
937,images/5/0937.png,5
938,images/5/0938.png,5
939,images/6/0939.png,6
940,images/5/0940.png,5
941,images/0/0941.png,0
942,images/9/0942.png,9
943,images/8/0943.png,8
944,images/9/0944.png,9
945,images/8/0945.png,8
946,images/4/0946.png,4
947,images/1/0947.png,1
948,images/7/0948.png,7
949,images/7/0949.png,7
950,images/3/0950.png,3
951,images/5/0951.png,5
952,images/1/0952.png,1
953,images/2/0953.png,2
954,images/7/0954.png,7
955,images/8/0955.png,8
956,images/2/0956.png,2
957,images/0/0957.png,0
958,images/1/0958.png,1
959,images/2/0959.png,2
960,images/6/0960.png,6
961,images/3/0961.png,3
962,images/3/0962.png,3
963,images/7/0963.png,7
964,images/3/0964.png,3
965,images/3/0965.png,3
966,images/4/0966.png,4
967,images/6/0967.png,6
968,images/6/0968.png,6
969,images/6/0969.png,6
970,images/4/0970.png,4
971,images/9/0971.png,9
972,images/1/0972.png,1
973,images/5/0973.png,5
974,images/0/0974.png,0
975,images/9/0975.png,9
976,images/5/0976.png,5
977,images/2/0977.png,2
978,images/8/0978.png,8
979,images/2/0979.png,2
980,images/0/0980.png,0
981,images/0/0981.png,0
982,images/1/0982.png,1
983,images/7/0983.png,7
984,images/6/0984.png,6
985,images/3/0985.png,3
986,images/2/0986.png,2
987,images/1/0987.png,1
988,images/4/0988.png,4
989,images/6/0989.png,6
990,images/3/0990.png,3
991,images/1/0991.png,1
992,images/3/0992.png,3
993,images/9/0993.png,9
994,images/1/0994.png,1
995,images/7/0995.png,7
996,images/6/0996.png,6
997,images/8/0997.png,8
998,images/4/0998.png,4
999,images/3/0999.png,3
1000,images/1/1000.png,1
1001,images/4/1001.png,4
1002,images/0/1002.png,0
1003,images/5/1003.png,5
1004,images/3/1004.png,3
1005,images/6/1005.png,6
1006,images/9/1006.png,9
1007,images/6/1007.png,6
1008,images/1/1008.png,1
1009,images/7/1009.png,7
1010,images/5/1010.png,5
1011,images/4/1011.png,4
1012,images/4/1012.png,4
1013,images/7/1013.png,7
1014,images/2/1014.png,2
1015,images/8/1015.png,8
1016,images/2/1016.png,2
1017,images/2/1017.png,2
1018,images/5/1018.png,5
1019,images/7/1019.png,7
1020,images/9/1020.png,9
1021,images/5/1021.png,5
1022,images/4/1022.png,4
1023,images/4/1023.png,4
1024,images/9/1024.png,9
1025,images/0/1025.png,0
1026,images/8/1026.png,8
1027,images/9/1027.png,9
1028,images/8/1028.png,8
1029,images/0/1029.png,0
1030,images/1/1030.png,1
1031,images/2/1031.png,2
1032,images/3/1032.png,3
1033,images/4/1033.png,4
1034,images/5/1034.png,5
1035,images/6/1035.png,6
1036,images/7/1036.png,7
1037,images/8/1037.png,8
1038,images/9/1038.png,9
1039,images/0/1039.png,0
1040,images/1/1040.png,1
1041,images/2/1041.png,2
1042,images/3/1042.png,3
1043,images/4/1043.png,4
1044,images/5/1044.png,5
1045,images/6/1045.png,6
1046,images/7/1046.png,7
1047,images/8/1047.png,8
1048,images/9/1048.png,9
1049,images/0/1049.png,0
1050,images/1/1050.png,1
1051,images/2/1051.png,2
1052,images/3/1052.png,3
1053,images/4/1053.png,4
1054,images/5/1054.png,5
1055,images/6/1055.png,6
1056,images/7/1056.png,7
1057,images/8/1057.png,8
1058,images/9/1058.png,9
1059,images/0/1059.png,0
1060,images/9/1060.png,9
1061,images/5/1061.png,5
1062,images/5/1062.png,5
1063,images/6/1063.png,6
1064,images/5/1064.png,5
1065,images/0/1065.png,0
1066,images/9/1066.png,9
1067,images/8/1067.png,8
1068,images/9/1068.png,9
1069,images/8/1069.png,8
1070,images/4/1070.png,4
1071,images/1/1071.png,1
1072,images/7/1072.png,7
1073,images/7/1073.png,7
1074,images/3/1074.png,3
1075,images/5/1075.png,5
1076,images/1/1076.png,1
1077,images/0/1077.png,0
1078,images/0/1078.png,0
1079,images/7/1079.png,7
1080,images/8/1080.png,8
1081,images/2/1081.png,2
1082,images/0/1082.png,0
1083,images/1/1083.png,1
1084,images/2/1084.png,2
1085,images/6/1085.png,6
1086,images/3/1086.png,3
1087,images/3/1087.png,3
1088,images/7/1088.png,7
1089,images/3/1089.png,3
1090,images/3/1090.png,3
1091,images/4/1091.png,4
1092,images/6/1092.png,6
1093,images/6/1093.png,6
1094,images/6/1094.png,6
1095,images/4/1095.png,4
1096,images/9/1096.png,9
1097,images/1/1097.png,1
1098,images/5/1098.png,5
1099,images/0/1099.png,0
1100,images/9/1100.png,9
1101,images/5/1101.png,5
1102,images/2/1102.png,2
1103,images/8/1103.png,8
1104,images/2/1104.png,2
1105,images/0/1105.png,0
1106,images/0/1106.png,0
1107,images/1/1107.png,1
1108,images/7/1108.png,7
1109,images/6/1109.png,6
1110,images/3/1110.png,3
1111,images/2/1111.png,2
1112,images/1/1112.png,1
1113,images/7/1113.png,7
1114,images/4/1114.png,4
1115,images/6/1115.png,6
1116,images/3/1116.png,3
1117,images/1/1117.png,1
1118,images/3/1118.png,3
1119,images/9/1119.png,9
1120,images/1/1120.png,1
1121,images/7/1121.png,7
1122,images/6/1122.png,6
1123,images/8/1123.png,8
1124,images/4/1124.png,4
1125,images/3/1125.png,3
1126,images/1/1126.png,1
1127,images/4/1127.png,4
1128,images/0/1128.png,0
1129,images/5/1129.png,5
1130,images/3/1130.png,3
1131,images/6/1131.png,6
1132,images/9/1132.png,9
1133,images/6/1133.png,6
1134,images/1/1134.png,1
1135,images/7/1135.png,7
1136,images/5/1136.png,5
1137,images/4/1137.png,4
1138,images/4/1138.png,4
1139,images/7/1139.png,7
1140,images/2/1140.png,2
1141,images/8/1141.png,8
1142,images/2/1142.png,2
1143,images/2/1143.png,2
1144,images/5/1144.png,5
1145,images/7/1145.png,7
1146,images/9/1146.png,9
1147,images/5/1147.png,5
1148,images/4/1148.png,4
1149,images/8/1149.png,8
1150,images/8/1150.png,8
1151,images/4/1151.png,4
1152,images/9/1152.png,9
1153,images/0/1153.png,0
1154,images/8/1154.png,8
1155,images/9/1155.png,9
1156,images/8/1156.png,8
1157,images/0/1157.png,0
1158,images/1/1158.png,1
1159,images/2/1159.png,2
1160,images/3/1160.png,3
1161,images/4/1161.png,4
1162,images/5/1162.png,5
1163,images/6/1163.png,6
1164,images/7/1164.png,7
1165,images/8/1165.png,8
1166,images/9/1166.png,9
1167,images/0/1167.png,0
1168,images/1/1168.png,1
1169,images/2/1169.png,2
1170,images/3/1170.png,3
1171,images/4/1171.png,4
1172,images/5/1172.png,5
1173,images/6/1173.png,6
1174,images/7/1174.png,7
1175,images/8/1175.png,8
1176,images/9/1176.png,9
1177,images/0/1177.png,0
1178,images/1/1178.png,1
1179,images/2/1179.png,2
1180,images/3/1180.png,3
1181,images/4/1181.png,4
1182,images/5/1182.png,5
1183,images/6/1183.png,6
1184,images/7/1184.png,7
1185,images/8/1185.png,8
1186,images/9/1186.png,9
1187,images/0/1187.png,0
1188,images/9/1188.png,9
1189,images/5/1189.png,5
1190,images/5/1190.png,5
1191,images/6/1191.png,6
1192,images/5/1192.png,5
1193,images/0/1193.png,0
1194,images/9/1194.png,9
1195,images/8/1195.png,8
1196,images/9/1196.png,9
1197,images/8/1197.png,8
1198,images/4/1198.png,4
1199,images/1/1199.png,1
1200,images/7/1200.png,7
1201,images/7/1201.png,7
1202,images/3/1202.png,3
1203,images/5/1203.png,5
1204,images/1/1204.png,1
1205,images/0/1205.png,0
1206,images/0/1206.png,0
1207,images/2/1207.png,2
1208,images/2/1208.png,2
1209,images/7/1209.png,7
1210,images/8/1210.png,8
1211,images/2/1211.png,2
1212,images/0/1212.png,0
1213,images/1/1213.png,1
1214,images/2/1214.png,2
1215,images/6/1215.png,6
1216,images/3/1216.png,3
1217,images/3/1217.png,3
1218,images/7/1218.png,7
1219,images/3/1219.png,3
1220,images/3/1220.png,3
1221,images/4/1221.png,4
1222,images/6/1222.png,6
1223,images/6/1223.png,6
1224,images/6/1224.png,6
1225,images/4/1225.png,4
1226,images/9/1226.png,9
1227,images/1/1227.png,1
1228,images/5/1228.png,5
1229,images/0/1229.png,0
1230,images/9/1230.png,9
1231,images/5/1231.png,5
1232,images/2/1232.png,2
1233,images/8/1233.png,8
1234,images/2/1234.png,2
1235,images/0/1235.png,0
1236,images/0/1236.png,0
1237,images/1/1237.png,1
1238,images/7/1238.png,7
1239,images/6/1239.png,6
1240,images/3/1240.png,3
1241,images/2/1241.png,2
1242,images/1/1242.png,1
1243,images/7/1243.png,7
1244,images/4/1244.png,4
1245,images/6/1245.png,6
1246,images/3/1246.png,3
1247,images/1/1247.png,1
1248,images/3/1248.png,3
1249,images/9/1249.png,9
1250,images/1/1250.png,1
1251,images/7/1251.png,7
1252,images/6/1252.png,6
1253,images/8/1253.png,8
1254,images/4/1254.png,4
1255,images/3/1255.png,3
1256,images/1/1256.png,1
1257,images/4/1257.png,4
1258,images/0/1258.png,0
1259,images/5/1259.png,5
1260,images/3/1260.png,3
1261,images/6/1261.png,6
1262,images/9/1262.png,9
1263,images/6/1263.png,6
1264,images/1/1264.png,1
1265,images/7/1265.png,7
1266,images/5/1266.png,5
1267,images/4/1267.png,4
1268,images/4/1268.png,4
1269,images/7/1269.png,7
1270,images/2/1270.png,2
1271,images/8/1271.png,8
1272,images/2/1272.png,2
1273,images/2/1273.png,2
1274,images/5/1274.png,5
1275,images/7/1275.png,7
1276,images/9/1276.png,9
1277,images/5/1277.png,5
1278,images/4/1278.png,4
1279,images/8/1279.png,8
1280,images/8/1280.png,8
1281,images/4/1281.png,4
1282,images/9/1282.png,9
1283,images/0/1283.png,0
1284,images/8/1284.png,8
1285,images/9/1285.png,9
1286,images/8/1286.png,8
1287,images/0/1287.png,0
1288,images/1/1288.png,1
1289,images/2/1289.png,2
1290,images/3/1290.png,3
1291,images/4/1291.png,4
1292,images/5/1292.png,5
1293,images/6/1293.png,6
1294,images/7/1294.png,7
1295,images/8/1295.png,8
1296,images/9/1296.png,9
1297,images/0/1297.png,0
1298,images/1/1298.png,1
1299,images/2/1299.png,2
1300,images/3/1300.png,3
1301,images/4/1301.png,4
1302,images/5/1302.png,5
1303,images/6/1303.png,6
1304,images/7/1304.png,7
1305,images/8/1305.png,8
1306,images/9/1306.png,9
1307,images/0/1307.png,0
1308,images/1/1308.png,1
1309,images/2/1309.png,2
1310,images/3/1310.png,3
1311,images/4/1311.png,4
1312,images/5/1312.png,5
1313,images/6/1313.png,6
1314,images/7/1314.png,7
1315,images/8/1315.png,8
1316,images/9/1316.png,9
1317,images/0/1317.png,0
1318,images/9/1318.png,9
1319,images/5/1319.png,5
1320,images/5/1320.png,5
1321,images/6/1321.png,6
1322,images/5/1322.png,5
1323,images/0/1323.png,0
1324,images/9/1324.png,9
1325,images/8/1325.png,8
1326,images/9/1326.png,9
1327,images/8/1327.png,8
1328,images/4/1328.png,4
1329,images/1/1329.png,1
1330,images/7/1330.png,7
1331,images/7/1331.png,7
1332,images/3/1332.png,3
1333,images/5/1333.png,5
1334,images/1/1334.png,1
1335,images/0/1335.png,0
1336,images/0/1336.png,0
1337,images/2/1337.png,2
1338,images/2/1338.png,2
1339,images/7/1339.png,7
1340,images/8/1340.png,8
1341,images/2/1341.png,2
1342,images/0/1342.png,0
1343,images/1/1343.png,1
1344,images/2/1344.png,2
1345,images/6/1345.png,6
1346,images/3/1346.png,3
1347,images/3/1347.png,3
1348,images/7/1348.png,7
1349,images/3/1349.png,3
1350,images/3/1350.png,3
1351,images/4/1351.png,4
1352,images/6/1352.png,6
1353,images/6/1353.png,6
1354,images/6/1354.png,6
1355,images/4/1355.png,4
1356,images/9/1356.png,9
1357,images/1/1357.png,1
1358,images/5/1358.png,5
1359,images/0/1359.png,0
1360,images/9/1360.png,9
1361,images/5/1361.png,5
1362,images/2/1362.png,2
1363,images/8/1363.png,8
1364,images/2/1364.png,2
1365,images/0/1365.png,0
1366,images/0/1366.png,0
1367,images/1/1367.png,1
1368,images/7/1368.png,7
1369,images/6/1369.png,6
1370,images/3/1370.png,3
1371,images/2/1371.png,2
1372,images/1/1372.png,1
1373,images/7/1373.png,7
1374,images/4/1374.png,4
1375,images/6/1375.png,6
1376,images/3/1376.png,3
1377,images/1/1377.png,1
1378,images/3/1378.png,3
1379,images/9/1379.png,9
1380,images/1/1380.png,1
1381,images/7/1381.png,7
1382,images/6/1382.png,6
1383,images/8/1383.png,8
1384,images/4/1384.png,4
1385,images/3/1385.png,3
1386,images/1/1386.png,1
1387,images/4/1387.png,4
1388,images/0/1388.png,0
1389,images/5/1389.png,5
1390,images/3/1390.png,3
1391,images/6/1391.png,6
1392,images/9/1392.png,9
1393,images/6/1393.png,6
1394,images/1/1394.png,1
1395,images/7/1395.png,7
1396,images/5/1396.png,5
1397,images/4/1397.png,4
1398,images/4/1398.png,4
1399,images/7/1399.png,7
1400,images/2/1400.png,2
1401,images/8/1401.png,8
1402,images/2/1402.png,2
1403,images/2/1403.png,2
1404,images/5/1404.png,5
1405,images/7/1405.png,7
1406,images/9/1406.png,9
1407,images/5/1407.png,5
1408,images/4/1408.png,4
1409,images/8/1409.png,8
1410,images/8/1410.png,8
1411,images/4/1411.png,4
1412,images/9/1412.png,9
1413,images/0/1413.png,0
1414,images/8/1414.png,8
1415,images/0/1415.png,0
1416,images/1/1416.png,1
1417,images/2/1417.png,2
1418,images/3/1418.png,3
1419,images/4/1419.png,4
1420,images/5/1420.png,5
1421,images/6/1421.png,6
1422,images/7/1422.png,7
1423,images/8/1423.png,8
1424,images/9/1424.png,9
1425,images/0/1425.png,0
1426,images/1/1426.png,1
1427,images/2/1427.png,2
1428,images/3/1428.png,3
1429,images/4/1429.png,4
1430,images/5/1430.png,5
1431,images/6/1431.png,6
1432,images/7/1432.png,7
1433,images/8/1433.png,8
1434,images/9/1434.png,9
1435,images/0/1435.png,0
1436,images/1/1436.png,1
1437,images/2/1437.png,2
1438,images/3/1438.png,3
1439,images/4/1439.png,4
1440,images/5/1440.png,5
1441,images/6/1441.png,6
1442,images/7/1442.png,7
1443,images/8/1443.png,8
1444,images/9/1444.png,9
1445,images/0/1445.png,0
1446,images/9/1446.png,9
1447,images/5/1447.png,5
1448,images/5/1448.png,5
1449,images/6/1449.png,6
1450,images/5/1450.png,5
1451,images/0/1451.png,0
1452,images/9/1452.png,9
1453,images/8/1453.png,8
1454,images/9/1454.png,9
1455,images/8/1455.png,8
1456,images/4/1456.png,4
1457,images/1/1457.png,1
1458,images/7/1458.png,7
1459,images/7/1459.png,7
1460,images/3/1460.png,3
1461,images/5/1461.png,5
1462,images/1/1462.png,1
1463,images/0/1463.png,0
1464,images/0/1464.png,0
1465,images/2/1465.png,2
1466,images/2/1466.png,2
1467,images/7/1467.png,7
1468,images/8/1468.png,8
1469,images/2/1469.png,2
1470,images/0/1470.png,0
1471,images/1/1471.png,1
1472,images/2/1472.png,2
1473,images/6/1473.png,6
1474,images/3/1474.png,3
1475,images/3/1475.png,3
1476,images/7/1476.png,7
1477,images/3/1477.png,3
1478,images/3/1478.png,3
1479,images/4/1479.png,4
1480,images/6/1480.png,6
1481,images/6/1481.png,6
1482,images/6/1482.png,6
1483,images/4/1483.png,4
1484,images/9/1484.png,9
1485,images/1/1485.png,1
1486,images/5/1486.png,5
1487,images/0/1487.png,0
1488,images/9/1488.png,9
1489,images/5/1489.png,5
1490,images/2/1490.png,2
1491,images/8/1491.png,8
1492,images/2/1492.png,2
1493,images/0/1493.png,0
1494,images/0/1494.png,0
1495,images/1/1495.png,1
1496,images/7/1496.png,7
1497,images/6/1497.png,6
1498,images/3/1498.png,3
1499,images/2/1499.png,2
1500,images/1/1500.png,1
1501,images/7/1501.png,7
1502,images/4/1502.png,4
1503,images/6/1503.png,6
1504,images/3/1504.png,3
1505,images/1/1505.png,1
1506,images/3/1506.png,3
1507,images/9/1507.png,9
1508,images/1/1508.png,1
1509,images/7/1509.png,7
1510,images/6/1510.png,6
1511,images/8/1511.png,8
1512,images/4/1512.png,4
1513,images/3/1513.png,3
1514,images/1/1514.png,1
1515,images/4/1515.png,4
1516,images/0/1516.png,0
1517,images/5/1517.png,5
1518,images/3/1518.png,3
1519,images/6/1519.png,6
1520,images/9/1520.png,9
1521,images/6/1521.png,6
1522,images/1/1522.png,1
1523,images/7/1523.png,7
1524,images/5/1524.png,5
1525,images/4/1525.png,4
1526,images/4/1526.png,4
1527,images/7/1527.png,7
1528,images/2/1528.png,2
1529,images/8/1529.png,8
1530,images/2/1530.png,2
1531,images/2/1531.png,2
1532,images/5/1532.png,5
1533,images/7/1533.png,7
1534,images/9/1534.png,9
1535,images/5/1535.png,5
1536,images/4/1536.png,4
1537,images/8/1537.png,8
1538,images/8/1538.png,8
1539,images/4/1539.png,4
1540,images/9/1540.png,9
1541,images/0/1541.png,0
1542,images/8/1542.png,8
1543,images/9/1543.png,9
1544,images/8/1544.png,8
1545,images/0/1545.png,0
1546,images/1/1546.png,1
1547,images/2/1547.png,2
1548,images/3/1548.png,3
1549,images/4/1549.png,4
1550,images/5/1550.png,5
1551,images/6/1551.png,6
1552,images/7/1552.png,7
1553,images/8/1553.png,8
1554,images/9/1554.png,9
1555,images/0/1555.png,0
1556,images/1/1556.png,1
1557,images/2/1557.png,2
1558,images/3/1558.png,3
1559,images/4/1559.png,4
1560,images/5/1560.png,5
1561,images/6/1561.png,6
1562,images/9/1562.png,9
1563,images/0/1563.png,0
1564,images/1/1564.png,1
1565,images/2/1565.png,2
1566,images/3/1566.png,3
1567,images/4/1567.png,4
1568,images/5/1568.png,5
1569,images/6/1569.png,6
1570,images/7/1570.png,7
1571,images/8/1571.png,8
1572,images/9/1572.png,9
1573,images/0/1573.png,0
1574,images/9/1574.png,9
1575,images/5/1575.png,5
1576,images/5/1576.png,5
1577,images/6/1577.png,6
1578,images/5/1578.png,5
1579,images/0/1579.png,0
1580,images/9/1580.png,9
1581,images/8/1581.png,8
1582,images/9/1582.png,9
1583,images/8/1583.png,8
1584,images/4/1584.png,4
1585,images/1/1585.png,1
1586,images/7/1586.png,7
1587,images/7/1587.png,7
1588,images/3/1588.png,3
1589,images/5/1589.png,5
1590,images/1/1590.png,1
1591,images/0/1591.png,0
1592,images/0/1592.png,0
1593,images/2/1593.png,2
1594,images/2/1594.png,2
1595,images/7/1595.png,7
1596,images/8/1596.png,8
1597,images/2/1597.png,2
1598,images/0/1598.png,0
1599,images/1/1599.png,1
1600,images/2/1600.png,2
1601,images/6/1601.png,6
1602,images/3/1602.png,3
1603,images/3/1603.png,3
1604,images/7/1604.png,7
1605,images/3/1605.png,3
1606,images/3/1606.png,3
1607,images/4/1607.png,4
1608,images/6/1608.png,6
1609,images/6/1609.png,6
1610,images/6/1610.png,6
1611,images/4/1611.png,4
1612,images/9/1612.png,9
1613,images/1/1613.png,1
1614,images/5/1614.png,5
1615,images/0/1615.png,0
1616,images/9/1616.png,9
1617,images/5/1617.png,5
1618,images/2/1618.png,2
1619,images/8/1619.png,8
1620,images/0/1620.png,0
1621,images/1/1621.png,1
1622,images/7/1622.png,7
1623,images/6/1623.png,6
1624,images/3/1624.png,3
1625,images/2/1625.png,2
1626,images/1/1626.png,1
1627,images/7/1627.png,7
1628,images/4/1628.png,4
1629,images/6/1629.png,6
1630,images/3/1630.png,3
1631,images/1/1631.png,1
1632,images/3/1632.png,3
1633,images/9/1633.png,9
1634,images/1/1634.png,1
1635,images/7/1635.png,7
1636,images/6/1636.png,6
1637,images/8/1637.png,8
1638,images/4/1638.png,4
1639,images/3/1639.png,3
1640,images/1/1640.png,1
1641,images/4/1641.png,4
1642,images/0/1642.png,0
1643,images/5/1643.png,5
1644,images/3/1644.png,3
1645,images/6/1645.png,6
1646,images/9/1646.png,9
1647,images/6/1647.png,6
1648,images/1/1648.png,1
1649,images/7/1649.png,7
1650,images/5/1650.png,5
1651,images/4/1651.png,4
1652,images/4/1652.png,4
1653,images/7/1653.png,7
1654,images/2/1654.png,2
1655,images/2/1655.png,2
1656,images/5/1656.png,5
1657,images/7/1657.png,7
1658,images/9/1658.png,9
1659,images/5/1659.png,5
1660,images/4/1660.png,4
1661,images/4/1661.png,4
1662,images/9/1662.png,9
1663,images/0/1663.png,0
1664,images/8/1664.png,8
1665,images/9/1665.png,9
1666,images/8/1666.png,8
1667,images/0/1667.png,0
1668,images/1/1668.png,1
1669,images/2/1669.png,2
1670,images/3/1670.png,3
1671,images/4/1671.png,4
1672,images/5/1672.png,5
1673,images/6/1673.png,6
1674,images/7/1674.png,7
1675,images/8/1675.png,8
1676,images/9/1676.png,9
1677,images/0/1677.png,0
1678,images/1/1678.png,1
1679,images/2/1679.png,2
1680,images/3/1680.png,3
1681,images/4/1681.png,4
1682,images/5/1682.png,5
1683,images/6/1683.png,6
1684,images/7/1684.png,7
1685,images/8/1685.png,8
1686,images/9/1686.png,9
1687,images/0/1687.png,0
1688,images/1/1688.png,1
1689,images/2/1689.png,2
1690,images/3/1690.png,3
1691,images/4/1691.png,4
1692,images/5/1692.png,5
1693,images/6/1693.png,6
1694,images/7/1694.png,7
1695,images/8/1695.png,8
1696,images/9/1696.png,9
1697,images/0/1697.png,0
1698,images/9/1698.png,9
1699,images/5/1699.png,5
1700,images/5/1700.png,5
1701,images/6/1701.png,6
1702,images/5/1702.png,5
1703,images/0/1703.png,0
1704,images/9/1704.png,9
1705,images/8/1705.png,8
1706,images/9/1706.png,9
1707,images/8/1707.png,8
1708,images/4/1708.png,4
1709,images/1/1709.png,1
1710,images/7/1710.png,7
1711,images/7/1711.png,7
1712,images/3/1712.png,3
1713,images/5/1713.png,5
1714,images/1/1714.png,1
1715,images/0/1715.png,0
1716,images/0/1716.png,0
1717,images/2/1717.png,2
1718,images/2/1718.png,2
1719,images/7/1719.png,7
1720,images/8/1720.png,8
1721,images/2/1721.png,2
1722,images/0/1722.png,0
1723,images/1/1723.png,1
1724,images/2/1724.png,2
1725,images/6/1725.png,6
1726,images/3/1726.png,3
1727,images/3/1727.png,3
1728,images/7/1728.png,7
1729,images/3/1729.png,3
1730,images/3/1730.png,3
1731,images/4/1731.png,4
1732,images/6/1732.png,6
1733,images/6/1733.png,6
1734,images/6/1734.png,6
1735,images/4/1735.png,4
1736,images/9/1736.png,9
1737,images/1/1737.png,1
1738,images/5/1738.png,5
1739,images/0/1739.png,0
1740,images/9/1740.png,9
1741,images/5/1741.png,5
1742,images/2/1742.png,2
1743,images/8/1743.png,8
1744,images/2/1744.png,2
1745,images/0/1745.png,0
1746,images/0/1746.png,0
1747,images/1/1747.png,1
1748,images/7/1748.png,7
1749,images/6/1749.png,6
1750,images/3/1750.png,3
1751,images/2/1751.png,2
1752,images/1/1752.png,1
1753,images/7/1753.png,7
1754,images/4/1754.png,4
1755,images/6/1755.png,6
1756,images/3/1756.png,3
1757,images/1/1757.png,1
1758,images/3/1758.png,3
1759,images/9/1759.png,9
1760,images/1/1760.png,1
1761,images/7/1761.png,7
1762,images/6/1762.png,6
1763,images/8/1763.png,8
1764,images/4/1764.png,4
1765,images/3/1765.png,3
1766,images/1/1766.png,1
1767,images/4/1767.png,4
1768,images/0/1768.png,0
1769,images/5/1769.png,5
1770,images/3/1770.png,3
1771,images/6/1771.png,6
1772,images/9/1772.png,9
1773,images/6/1773.png,6
1774,images/1/1774.png,1
1775,images/7/1775.png,7
1776,images/5/1776.png,5
1777,images/4/1777.png,4
1778,images/4/1778.png,4
1779,images/7/1779.png,7
1780,images/2/1780.png,2
1781,images/8/1781.png,8
1782,images/2/1782.png,2
1783,images/2/1783.png,2
1784,images/5/1784.png,5
1785,images/7/1785.png,7
1786,images/9/1786.png,9
1787,images/5/1787.png,5
1788,images/4/1788.png,4
1789,images/8/1789.png,8
1790,images/8/1790.png,8
1791,images/4/1791.png,4
1792,images/9/1792.png,9
1793,images/0/1793.png,0
1794,images/8/1794.png,8
1795,images/9/1795.png,9
1796,images/8/1796.png,8
